{"target": -6108.882674519114, "params": {"a_c_1": 0.0, "a_c_2": 10.0, "a_mm_0": -40.0, "a_mm_1": 20.0, "a_mm_2": 20.0, "a_mm_3": -40.0, "a_mm_4": 20.0, "a_mp_0": -40.0, "a_mp_1": -6.941283040947025, "a_mp_2": 20.0, "a_mp_3": 20.0, "a_mp_4": 20.0, "a_pm_0": 20.0, "a_pm_1": 20.0, "a_pm_2": 20.0, "a_pm_3": 20.0, "a_pm_4": -36.54528231905964, "a_pp_1": -40.0, "a_pp_2": 20.0, "a_pp_3": 20.0, "a_pp_4": 20.0}, "datetime": {"datetime": "2024-07-11 12:07:13", "elapsed": 0.0, "delta": 0.0}}
